from;to;strength
196;213;14
194;196;14
194;199;14
208;213;14
208;211;14
196;28;14
28;208;14
194;28;14
194;208;14
199;213;14
194;211;14
199;211;14
194;213;14
199;208;14
196;208;14
211;213;14
196;199;14
28;213;14
199;28;14
28;211;14
196;211;14
271;199;12
271;196;12
271;208;12
271;28;12
271;213;12
271;194;12
211;271;12
194;195;10
195;196;10
195;199;10
195;28;10
195;208;10
195;211;10
195;213;10
211;273;8
211;272;8
213;273;8
271;195;8
271;272;8
271;273;8
194;272;8
194;273;8
213;272;8
199;272;8
195;272;8
199;273;8
196;272;8
196;273;8
272;208;8
272;273;8
272;28;8
208;273;8
273;28;8
195;273;8
198;201;6
198;204;6
199;203;6
198;203;6
199;204;6
198;202;6
197;216;6
198;200;6
198;199;6
197;217;6
198;206;6
197;215;6
197;214;6
198;205;6
198;208;6
199;202;6
198;28;6
198;207;6
199;201;6
199;200;6
198;217;6
198;209;6
198;210;6
198;211;6
198;212;6
198;213;6
198;214;6
198;215;6
198;216;6
199;205;6
199;217;6
199;206;6
201;205;6
200;214;6
200;215;6
200;216;6
200;217;6
201;202;6
201;203;6
201;204;6
201;206;6
199;207;6
201;28;6
201;207;6
201;208;6
201;209;6
201;210;6
201;211;6
201;212;6
200;213;6
200;212;6
200;211;6
200;210;6
199;209;6
199;212;6
199;214;6
199;215;6
199;216;6
200;201;6
200;202;6
200;203;6
200;204;6
200;205;6
200;206;6
200;28;6
200;207;6
200;208;6
200;209;6
197;213;6
199;210;6
197;212;6
193;211;6
193;213;6
193;214;6
193;215;6
193;216;6
193;217;6
194;197;6
194;198;6
194;200;6
194;201;6
194;202;6
194;203;6
194;204;6
194;205;6
194;206;6
194;207;6
193;212;6
193;210;6
194;210;6
193;209;6
193;194;6
193;196;6
193;197;6
193;198;6
193;199;6
193;200;6
193;201;6
193;202;6
193;203;6
193;204;6
193;205;6
193;206;6
193;28;6
193;207;6
193;208;6
194;209;6
194;212;6
197;211;6
196;215;6
196;217;6
197;198;6
197;199;6
197;200;6
197;201;6
197;202;6
197;203;6
197;204;6
197;205;6
197;206;6
197;28;6
197;207;6
197;208;6
197;209;6
197;210;6
196;216;6
196;214;6
194;214;6
201;214;6
194;215;6
194;216;6
196;197;6
196;198;6
196;200;6
196;201;6
196;202;6
196;203;6
196;204;6
196;205;6
196;206;6
196;207;6
196;209;6
196;210;6
196;212;6
201;213;6
194;217;6
201;215;6
207;212;6
209;211;6
209;210;6
208;217;6
208;216;6
208;215;6
208;214;6
208;212;6
208;210;6
208;209;6
207;217;6
207;216;6
207;215;6
207;214;6
207;213;6
207;211;6
209;213;6
207;210;6
207;209;6
207;208;6
28;217;6
28;216;6
28;215;6
28;214;6
28;212;6
28;210;6
28;209;6
28;207;6
206;216;6
206;215;6
206;214;6
209;212;6
209;214;6
206;212;6
212;214;6
201;216;6
216;217;6
215;217;6
215;216;6
214;217;6
214;216;6
214;215;6
213;217;6
213;216;6
213;215;6
213;214;6
212;217;6
212;216;6
212;215;6
212;213;6
209;215;6
211;217;6
211;216;6
211;215;6
211;214;6
211;212;6
210;217;6
210;216;6
210;215;6
210;214;6
210;213;6
210;212;6
210;211;6
209;217;6
209;216;6
206;213;6
206;217;6
206;211;6
203;209;6
203;204;6
203;205;6
203;206;6
203;28;6
203;207;6
203;208;6
203;210;6
204;205;6
203;211;6
203;212;6
206;210;6
203;214;6
203;215;6
203;216;6
202;217;6
202;216;6
202;215;6
202;214;6
202;213;6
202;212;6
202;211;6
202;210;6
202;209;6
202;208;6
202;207;6
202;28;6
202;206;6
202;205;6
202;204;6
202;203;6
201;217;6
203;217;6
203;213;6
204;206;6
205;207;6
206;209;6
206;208;6
206;207;6
206;28;6
205;217;6
205;216;6
205;215;6
205;214;6
205;213;6
205;212;6
204;28;6
205;210;6
205;209;6
205;208;6
205;211;6
204;208;6
204;213;6
204;207;6
205;28;6
204;209;6
204;210;6
204;212;6
204;211;6
204;214;6
204;215;6
204;216;6
204;217;6
205;206;6
83;99;4
271;214;4
271;215;4
271;216;4
271;217;4
96;99;4
89;96;4
83;96;4
83;89;4
81;28;4
89;99;4
209;271;4
210;271;4
271;212;4
207;271;4
197;271;4
201;271;4
200;271;4
193;271;4
198;271;4
202;271;4
204;271;4
206;271;4
205;271;4
203;271;4
91;95;3
91;28;3
91;105;3
91;104;3
91;103;3
91;102;3
91;96;3
91;101;3
91;100;3
91;106;3
91;94;3
91;98;3
91;97;3
91;99;3
91;109;3
91;107;3
91;108;3
91;92;3
91;110;3
91;111;3
91;112;3
91;113;3
91;114;3
91;115;3
91;116;3
91;117;3
92;93;3
92;94;3
92;95;3
92;96;3
91;93;3
90;114;3
90;117;3
90;116;3
90;98;3
95;96;3
90;97;3
90;96;3
95;97;3
90;95;3
90;94;3
90;93;3
90;92;3
90;91;3
89;117;3
89;116;3
89;115;3
89;114;3
89;113;3
90;99;3
90;100;3
90;101;3
90;109;3
90;115;3
92;98;3
90;113;3
90;112;3
90;111;3
90;110;3
90;108;3
90;102;3
90;107;3
90;106;3
90;28;3
90;105;3
90;104;3
90;103;3
92;97;3
92;103;3
92;99;3
93;117;3
94;100;3
94;99;3
94;98;3
94;97;3
94;96;3
94;95;3
93;116;3
94;102;3
93;115;3
93;114;3
93;113;3
93;112;3
93;111;3
93;110;3
94;101;3
94;103;3
92;100;3
94;111;3
94;117;3
94;116;3
94;115;3
94;114;3
94;113;3
94;112;3
94;110;3
94;104;3
94;109;3
94;108;3
94;107;3
94;106;3
94;28;3
94;105;3
93;109;3
93;108;3
93;107;3
92;107;3
92;113;3
92;112;3
92;111;3
92;110;3
92;109;3
92;108;3
92;106;3
93;106;3
92;28;3
92;105;3
92;104;3
89;111;3
92;102;3
92;101;3
92;114;3
92;115;3
92;116;3
92;117;3
93;94;3
93;95;3
93;96;3
93;97;3
93;98;3
93;99;3
93;100;3
93;101;3
93;102;3
93;103;3
93;104;3
93;105;3
93;28;3
89;112;3
87;93;3
89;110;3
86;101;3
86;106;3
86;28;3
86;105;3
86;104;3
86;103;3
86;102;3
86;100;3
86;108;3
86;99;3
86;98;3
86;97;3
86;96;3
86;95;3
86;94;3
86;107;3
86;109;3
87;97;3
87;88;3
87;95;3
87;94;3
87;92;3
87;91;3
87;90;3
87;89;3
86;117;3
86;110;3
86;116;3
86;115;3
86;114;3
86;113;3
86;112;3
86;111;3
86;93;3
86;92;3
86;91;3
85;100;3
85;94;3
85;95;3
85;96;3
85;97;3
85;98;3
85;99;3
85;101;3
86;90;3
85;102;3
85;103;3
85;104;3
85;105;3
95;99;3
85;28;3
85;93;3
85;92;3
85;106;3
85;107;3
85;108;3
85;109;3
85;110;3
85;111;3
85;112;3
85;113;3
85;114;3
85;115;3
85;116;3
85;117;3
86;87;3
86;88;3
86;89;3
87;96;3
87;98;3
89;109;3
88;111;3
88;117;3
88;116;3
88;115;3
88;114;3
88;113;3
88;112;3
88;110;3
89;91;3
88;109;3
88;108;3
88;107;3
88;106;3
88;28;3
88;105;3
89;90;3
89;92;3
87;99;3
89;103;3
89;108;3
89;107;3
89;106;3
89;28;3
89;105;3
89;104;3
89;102;3
89;93;3
89;101;3
89;100;3
89;98;3
89;97;3
89;95;3
89;94;3
88;104;3
88;103;3
88;102;3
87;106;3
87;112;3
87;111;3
87;110;3
87;109;3
87;108;3
87;107;3
87;28;3
88;101;3
87;105;3
87;104;3
87;103;3
87;102;3
87;101;3
87;100;3
87;113;3
87;114;3
87;115;3
87;116;3
87;117;3
88;89;3
88;90;3
88;91;3
88;92;3
88;93;3
88;94;3
88;95;3
88;96;3
88;97;3
88;98;3
88;99;3
88;100;3
95;98;3
104;112;3
95;100;3
105;114;3
28;108;3
28;107;3
28;106;3
105;117;3
105;116;3
105;115;3
105;113;3
28;110;3
105;112;3
105;111;3
105;110;3
105;109;3
105;108;3
105;107;3
28;109;3
28;111;3
105;28;3
106;109;3
106;115;3
106;114;3
106;113;3
106;112;3
106;111;3
106;110;3
106;108;3
28;112;3
106;107;3
28;117;3
28;116;3
28;115;3
28;114;3
28;113;3
105;106;3
104;117;3
106;117;3
103;28;3
103;111;3
103;110;3
103;109;3
103;108;3
103;107;3
103;106;3
103;105;3
103;113;3
103;104;3
102;117;3
102;116;3
102;115;3
102;114;3
102;113;3
103;112;3
103;114;3
104;116;3
104;109;3
104;115;3
104;114;3
104;113;3
85;90;3
104;111;3
104;110;3
104;108;3
103;115;3
104;107;3
104;106;3
104;28;3
104;105;3
103;117;3
103;116;3
106;116;3
107;108;3
102;111;3
113;114;3
114;117;3
114;116;3
114;115;3
113;117;3
113;116;3
113;115;3
112;117;3
115;117;3
112;116;3
112;115;3
112;114;3
112;113;3
111;117;3
111;116;3
115;116;3
116;117;3
111;114;3
301;302;3
431;432;3
430;432;3
430;431;3
374;96;3
302;303;3
301;303;3
195;303;3
0;2;3
195;302;3
195;301;3
300;303;3
300;302;3
300;301;3
300;195;3
111;115;3
111;113;3
107;109;3
107;117;3
108;114;3
108;113;3
108;112;3
108;111;3
108;110;3
108;109;3
107;116;3
108;116;3
107;115;3
107;114;3
107;113;3
107;112;3
107;111;3
107;110;3
108;115;3
108;117;3
111;112;3
110;111;3
110;117;3
110;116;3
110;115;3
110;114;3
110;113;3
110;112;3
109;117;3
109;110;3
109;116;3
109;115;3
109;114;3
109;113;3
109;112;3
109;111;3
102;112;3
102;110;3
95;101;3
97;103;3
97;108;3
97;107;3
97;106;3
97;28;3
97;105;3
97;104;3
97;102;3
97;110;3
97;101;3
97;100;3
97;99;3
97;98;3
96;117;3
96;116;3
97;109;3
97;111;3
96;114;3
98;101;3
98;106;3
98;28;3
98;105;3
98;104;3
98;103;3
98;102;3
98;100;3
97;112;3
98;99;3
97;117;3
97;116;3
97;115;3
97;114;3
97;113;3
96;115;3
96;113;3
98;108;3
95;108;3
95;114;3
95;113;3
95;112;3
95;111;3
95;110;3
95;109;3
95;107;3
95;116;3
95;106;3
95;28;3
95;105;3
95;104;3
95;103;3
95;102;3
95;115;3
95;117;3
96;112;3
96;28;3
96;111;3
96;110;3
96;109;3
96;108;3
96;107;3
96;106;3
96;105;3
96;97;3
96;104;3
96;103;3
96;102;3
96;101;3
96;100;3
96;98;3
98;107;3
98;109;3
102;109;3
100;117;3
101;106;3
101;28;3
101;105;3
101;104;3
101;103;3
101;102;3
100;116;3
101;108;3
100;115;3
100;114;3
100;113;3
100;112;3
100;111;3
100;110;3
101;107;3
101;109;3
100;108;3
102;103;3
102;108;3
102;107;3
102;106;3
102;28;3
102;105;3
102;104;3
101;117;3
101;110;3
101;116;3
101;115;3
101;114;3
101;113;3
101;112;3
101;111;3
100;109;3
100;107;3
98;110;3
99;100;3
99;28;3
99;105;3
99;104;3
99;103;3
99;102;3
99;101;3
98;117;3
99;107;3
98;116;3
98;115;3
98;114;3
98;113;3
98;112;3
98;111;3
99;106;3
99;108;3
100;106;3
99;117;3
100;28;3
100;105;3
100;104;3
100;103;3
100;102;3
100;101;3
99;116;3
99;109;3
99;115;3
99;114;3
99;113;3
99;112;3
99;111;3
99;110;3
85;91;3
0;1;3
85;89;3
77;81;3
77;83;3
77;84;3
77;85;3
77;86;3
77;87;3
77;88;3
77;89;3
77;90;3
77;91;3
77;92;3
77;93;3
77;94;3
77;95;3
77;96;3
77;97;3
77;99;3
77;100;3
77;101;3
77;102;3
77;103;3
77;104;3
77;105;3
77;28;3
77;82;3
77;80;3
77;107;3
77;79;3
76;97;3
76;98;3
76;99;3
76;100;3
76;101;3
76;102;3
76;103;3
76;104;3
76;105;3
76;28;3
76;106;3
76;107;3
76;108;3
76;109;3
76;110;3
76;111;3
76;112;3
76;113;3
76;114;3
76;115;3
76;116;3
76;117;3
77;78;3
77;106;3
77;108;3
79;83;3
78;96;3
78;98;3
78;99;3
78;100;3
78;101;3
78;102;3
78;103;3
78;104;3
78;105;3
78;28;3
78;106;3
78;107;3
78;108;3
78;109;3
78;110;3
78;111;3
78;112;3
78;113;3
78;114;3
78;115;3
78;116;3
78;117;3
79;80;3
79;81;3
78;97;3
78;95;3
77;109;3
78;94;3
77;110;3
77;111;3
77;112;3
77;113;3
77;114;3
77;115;3
77;116;3
77;117;3
78;79;3
78;80;3
78;81;3
78;82;3
78;83;3
78;84;3
78;85;3
78;86;3
78;87;3
78;88;3
78;89;3
78;90;3
78;91;3
78;92;3
78;93;3
76;96;3
76;95;3
76;94;3
6;7;3
6;9;3
7;8;3
7;9;3
8;9;3
0;5;3
0;4;3
0;3;3
1;8;3
1;7;3
1;6;3
1;5;3
1;4;3
1;3;3
1;2;3
0;9;3
0;8;3
0;7;3
75;76;3
75;77;3
75;78;3
75;79;3
75;80;3
75;81;3
6;8;3
5;9;3
76;93;3
5;8;3
0;6;3
85;88;3
1;9;3
2;3;3
2;4;3
2;5;3
2;6;3
2;7;3
2;8;3
2;9;3
3;4;3
3;5;3
3;6;3
3;7;3
3;8;3
3;9;3
4;5;3
4;6;3
4;7;3
4;8;3
4;9;3
5;6;3
5;7;3
75;82;3
75;83;3
75;84;3
75;85;3
75;111;3
75;112;3
75;113;3
75;114;3
75;115;3
75;116;3
75;117;3
76;77;3
76;78;3
76;79;3
76;80;3
76;81;3
76;82;3
76;83;3
76;84;3
76;85;3
76;86;3
76;87;3
76;88;3
76;89;3
76;90;3
76;91;3
76;92;3
75;110;3
75;109;3
75;108;3
75;96;3
75;86;3
75;87;3
75;88;3
75;89;3
75;90;3
75;91;3
75;92;3
75;93;3
75;94;3
75;95;3
75;97;3
75;107;3
75;98;3
75;99;3
75;100;3
75;101;3
75;102;3
75;103;3
75;104;3
75;105;3
75;28;3
75;106;3
79;82;3
77;98;3
79;84;3
82;107;3
82;109;3
82;110;3
82;111;3
82;112;3
82;113;3
82;114;3
82;115;3
82;116;3
82;117;3
83;84;3
83;85;3
83;86;3
83;87;3
83;88;3
83;90;3
83;91;3
83;92;3
83;93;3
83;94;3
83;95;3
83;97;3
83;98;3
83;100;3
82;108;3
82;106;3
83;102;3
82;28;3
81;117;3
82;83;3
82;84;3
82;85;3
82;86;3
82;87;3
82;88;3
82;89;3
82;90;3
82;91;3
82;92;3
82;93;3
82;94;3
82;95;3
82;96;3
82;97;3
82;98;3
82;99;3
82;100;3
82;102;3
82;103;3
82;104;3
82;105;3
83;101;3
83;103;3
81;115;3
84;101;3
84;99;3
84;98;3
84;97;3
84;96;3
84;95;3
84;94;3
84;93;3
84;92;3
84;91;3
84;90;3
84;89;3
84;88;3
84;87;3
84;86;3
84;85;3
83;117;3
83;116;3
83;115;3
83;114;3
83;113;3
83;112;3
83;111;3
83;110;3
84;100;3
84;102;3
83;104;3
84;103;3
83;105;3
83;28;3
83;106;3
83;107;3
83;108;3
83;109;3
79;85;3
85;86;3
84;117;3
84;116;3
84;115;3
84;114;3
84;113;3
84;112;3
84;111;3
84;110;3
84;109;3
84;108;3
84;107;3
84;106;3
84;28;3
84;105;3
84;104;3
81;116;3
82;101;3
81;114;3
79;110;3
79;112;3
79;113;3
79;114;3
79;115;3
79;116;3
79;117;3
80;81;3
80;82;3
80;83;3
80;84;3
80;85;3
80;86;3
80;87;3
81;113;3
80;89;3
80;90;3
80;91;3
80;92;3
80;93;3
80;94;3
80;95;3
80;96;3
80;97;3
79;111;3
79;109;3
80;99;3
79;108;3
79;86;3
79;87;3
79;88;3
79;89;3
79;90;3
79;91;3
79;92;3
79;93;3
79;94;3
79;95;3
79;96;3
79;97;3
79;98;3
79;99;3
79;100;3
79;101;3
79;102;3
79;103;3
79;104;3
79;105;3
79;28;3
79;106;3
79;107;3
80;98;3
80;88;3
80;100;3
81;84;3
81;86;3
81;87;3
81;88;3
81;89;3
81;90;3
81;91;3
81;92;3
81;93;3
81;94;3
81;95;3
81;96;3
81;97;3
81;98;3
80;101;3
81;100;3
81;101;3
81;102;3
81;103;3
81;104;3
81;105;3
81;106;3
81;107;3
81;108;3
81;109;3
81;110;3
81;111;3
81;112;3
81;85;3
81;99;3
81;83;3
85;87;3
81;82;3
80;107;3
80;106;3
80;28;3
80;105;3
80;104;3
80;102;3
80;108;3
80;103;3
80;112;3
80;114;3
80;110;3
80;116;3
80;109;3
80;111;3
80;117;3
80;115;3
80;113;3
434;436;2
435;438;2
434;438;2
434;435;2
433;440;2
433;439;2
433;438;2
434;437;2
375;376;2
434;439;2
375;96;2
374;377;2
433;436;2
434;440;2
435;436;2
435;437;2
433;437;2
162;96;2
433;435;2
160;161;2
435;440;2
380;381;2
378;381;2
378;380;2
148;149;2
148;150;2
148;151;2
149;150;2
149;151;2
150;151;2
160;162;2
433;434;2
160;163;2
160;96;2
161;162;2
161;163;2
161;96;2
162;163;2
163;96;2
376;377;2
376;96;2
375;377;2
435;439;2
195;215;2
436;437;2
223;230;2
32;33;2
193;195;2
223;224;2
223;225;2
223;226;2
223;227;2
223;228;2
223;229;2
224;225;2
32;35;2
224;226;2
224;227;2
224;228;2
224;229;2
224;230;2
225;226;2
225;227;2
225;228;2
32;34;2
33;34;2
225;230;2
195;206;2
374;375;2
195;217;2
195;216;2
195;214;2
195;212;2
195;210;2
195;209;2
195;207;2
195;205;2
33;35;2
195;204;2
195;203;2
195;202;2
195;201;2
195;200;2
195;198;2
195;197;2
34;35;2
225;229;2
226;227;2
436;438;2
441;384;2
442;445;2
442;444;2
442;443;2
442;384;2
441;446;2
441;445;2
441;444;2
441;443;2
441;442;2
384;443;2
439;440;2
438;440;2
438;439;2
437;440;2
437;439;2
437;438;2
436;440;2
436;439;2
442;446;2
384;444;2
226;228;2
231;232;2
226;229;2
226;230;2
227;228;2
227;229;2
227;230;2
228;229;2
228;230;2
229;230;2
231;234;2
384;445;2
232;234;2
445;446;2
444;446;2
444;445;2
443;446;2
443;445;2
443;444;2
384;446;2
374;376;2
96;377;2
373;377;2
364;367;2
365;96;2
365;377;2
366;367;2
366;368;2
371;376;2
371;375;2
371;374;2
371;373;2
371;372;2
370;377;2
370;96;2
370;376;2
370;375;2
370;374;2
370;373;2
370;372;2
370;371;2
365;376;2
365;375;2
365;374;2
364;376;2
364;369;2
364;370;2
364;371;2
364;372;2
364;373;2
364;374;2
364;375;2
364;96;2
365;373;2
364;377;2
365;366;2
365;367;2
365;368;2
365;369;2
365;370;2
365;372;2
369;377;2
369;96;2
369;376;2
367;374;2
368;371;2
368;370;2
368;369;2
367;377;2
367;96;2
367;376;2
367;375;2
367;373;2
366;375;2
367;372;2
367;371;2
367;370;2
367;369;2
367;368;2
366;377;2
366;96;2
366;376;2
366;374;2
369;375;2
368;376;2
369;374;2
369;373;2
369;372;2
369;371;2
369;370;2
368;377;2
368;96;2
368;375;2
366;373;2
368;374;2
368;373;2
368;372;2
366;369;2
366;370;2
366;371;2
366;372;2
364;368;2
365;371;2
364;366;2
373;376;2
364;365;2
372;373;2
372;374;2
372;375;2
372;376;2
373;96;2
372;96;2
372;377;2
373;374;2
373;375;2
371;377;2
333;334;2
332;334;2
371;96;2
332;333;2
468;484;1
467;506;1
467;508;1
467;507;1
350;354;1
350;353;1
350;352;1
350;351;1
348;349;1
467;504;1
467;505;1
468;470;1
467;503;1
467;270;1
467;502;1
467;501;1
467;500;1
467;499;1
467;498;1
347;349;1
468;469;1
468;471;1
468;483;1
468;472;1
468;482;1
468;481;1
468;480;1
468;479;1
468;485;1
468;486;1
468;487;1
468;488;1
468;489;1
468;490;1
468;491;1
351;353;1
351;352;1
347;348;1
468;477;1
468;476;1
468;475;1
468;474;1
468;473;1
468;478;1
346;347;1
346;349;1
467;486;1
467;475;1
467;476;1
467;477;1
467;478;1
467;479;1
467;480;1
467;481;1
467;482;1
467;483;1
467;484;1
467;485;1
468;493;1
346;348;1
467;487;1
467;488;1
467;489;1
467;490;1
467;491;1
467;492;1
467;493;1
467;494;1
467;495;1
467;496;1
467;497;1
467;474;1
467;473;1
467;472;1
467;471;1
345;349;1
345;348;1
345;347;1
345;346;1
344;349;1
344;348;1
344;347;1
344;346;1
344;345;1
343;349;1
343;348;1
343;347;1
462;465;1
462;466;1
463;464;1
463;465;1
463;466;1
464;465;1
464;466;1
465;466;1
467;468;1
467;469;1
467;470;1
468;492;1
469;472;1
468;494;1
470;488;1
470;482;1
470;483;1
470;484;1
470;485;1
470;486;1
470;487;1
470;489;1
470;497;1
470;490;1
470;491;1
470;492;1
470;493;1
470;494;1
470;495;1
470;481;1
470;480;1
470;479;1
470;478;1
470;477;1
470;476;1
470;475;1
470;474;1
470;473;1
470;472;1
470;471;1
469;508;1
469;507;1
469;506;1
335;336;1
469;505;1
335;337;1
470;496;1
470;498;1
468;495;1
471;485;1
471;479;1
471;480;1
471;481;1
471;482;1
471;483;1
471;484;1
471;486;1
470;499;1
471;487;1
471;488;1
471;489;1
471;490;1
471;491;1
471;492;1
471;478;1
471;477;1
471;476;1
471;475;1
471;474;1
471;473;1
471;472;1
470;508;1
470;507;1
470;506;1
470;505;1
470;504;1
470;503;1
470;270;1
470;502;1
470;501;1
470;500;1
469;504;1
335;338;1
335;339;1
469;478;1
352;353;1
469;473;1
469;474;1
469;475;1
469;476;1
469;477;1
469;479;1
469;503;1
469;480;1
469;481;1
469;482;1
469;483;1
469;484;1
469;485;1
469;471;1
469;470;1
468;508;1
468;507;1
468;506;1
468;505;1
468;504;1
468;503;1
468;270;1
468;502;1
468;501;1
468;500;1
343;346;1
468;499;1
468;498;1
468;497;1
468;496;1
469;486;1
469;487;1
469;488;1
469;499;1
336;337;1
469;270;1
336;338;1
336;339;1
337;338;1
337;339;1
338;339;1
340;341;1
342;343;1
469;502;1
342;344;1
342;345;1
469;501;1
469;500;1
342;346;1
469;489;1
342;347;1
342;348;1
342;349;1
343;344;1
343;345;1
469;498;1
469;497;1
469;496;1
469;495;1
469;494;1
469;493;1
469;492;1
469;491;1
469;490;1
351;354;1
77;450;1
352;354;1
389;83;1
402;404;1
402;403;1
401;408;1
401;407;1
401;406;1
401;405;1
401;404;1
401;403;1
401;402;1
399;400;1
398;400;1
398;399;1
396;397;1
395;397;1
395;396;1
394;397;1
394;396;1
394;395;1
393;397;1
393;396;1
393;395;1
393;394;1
392;397;1
392;396;1
392;395;1
392;394;1
392;393;1
402;405;1
402;406;1
402;407;1
406;408;1
410;412;1
410;411;1
409;418;1
409;417;1
409;416;1
409;415;1
409;414;1
409;413;1
409;412;1
409;411;1
409;410;1
407;408;1
406;407;1
402;408;1
405;408;1
405;407;1
405;406;1
404;408;1
404;407;1
404;406;1
404;405;1
403;408;1
403;407;1
403;406;1
403;405;1
403;404;1
389;96;1
388;96;1
353;354;1
388;83;1
89;389;1
89;388;1
89;387;1
89;386;1
89;385;1
89;384;1
89;374;1
99;389;1
99;388;1
99;387;1
99;386;1
99;385;1
99;384;1
99;374;1
382;383;1
381;383;1
381;382;1
380;383;1
380;382;1
379;383;1
379;382;1
379;381;1
379;380;1
378;383;1
378;382;1
378;379;1
471;494;1
374;384;1
374;385;1
374;386;1
385;389;1
388;389;1
387;96;1
387;83;1
387;389;1
387;388;1
386;96;1
386;83;1
386;389;1
386;388;1
386;387;1
385;96;1
385;83;1
385;388;1
374;387;1
385;387;1
385;386;1
384;96;1
384;83;1
384;389;1
384;388;1
384;387;1
384;386;1
384;385;1
374;83;1
374;389;1
374;388;1
410;413;1
410;414;1
410;415;1
410;416;1
454;457;1
454;456;1
454;455;1
451;452;1
450;452;1
450;451;1
449;452;1
449;451;1
449;450;1
448;452;1
448;451;1
448;450;1
448;449;1
77;452;1
77;451;1
77;449;1
77;448;1
358;359;1
358;360;1
358;361;1
358;362;1
358;363;1
359;360;1
359;361;1
359;362;1
359;363;1
360;361;1
454;458;1
454;459;1
454;460;1
459;460;1
355;356;1
462;464;1
355;357;1
462;463;1
356;357;1
461;446;1
445;461;1
444;461;1
443;461;1
384;461;1
442;461;1
441;461;1
458;460;1
455;456;1
458;459;1
457;460;1
457;459;1
457;458;1
456;460;1
456;459;1
456;458;1
456;457;1
455;460;1
455;459;1
455;458;1
455;457;1
360;362;1
360;363;1
361;362;1
412;417;1
415;417;1
415;416;1
414;418;1
414;417;1
414;416;1
414;415;1
413;418;1
413;417;1
413;416;1
413;415;1
413;414;1
412;418;1
412;416;1
416;417;1
412;415;1
412;414;1
412;413;1
411;418;1
411;417;1
411;416;1
411;415;1
411;414;1
411;413;1
411;412;1
410;418;1
410;417;1
415;418;1
416;418;1
361;363;1
422;424;1
362;363;1
106;428;1
427;428;1
427;106;1
425;426;1
424;426;1
424;425;1
423;426;1
423;425;1
423;424;1
422;426;1
422;425;1
422;423;1
417;418;1
421;426;1
421;425;1
421;424;1
421;423;1
421;422;1
420;426;1
420;425;1
420;424;1
420;423;1
420;422;1
420;421;1
96;419;1
471;493;1
477;478;1
471;495;1
487;497;1
487;499;1
487;500;1
487;501;1
487;502;1
487;270;1
487;503;1
487;504;1
487;505;1
487;506;1
487;507;1
487;508;1
488;489;1
488;490;1
488;491;1
488;492;1
488;493;1
488;494;1
488;495;1
488;496;1
487;498;1
487;496;1
482;503;1
487;495;1
486;498;1
486;499;1
486;500;1
486;501;1
486;502;1
486;270;1
486;503;1
486;504;1
486;505;1
486;506;1
486;507;1
486;508;1
487;488;1
487;489;1
487;490;1
487;491;1
487;492;1
487;493;1
487;494;1
488;497;1
488;498;1
488;499;1
488;500;1
489;270;1
489;503;1
489;504;1
489;505;1
489;506;1
489;507;1
489;508;1
490;491;1
490;492;1
490;493;1
490;494;1
490;495;1
490;496;1
490;497;1
490;498;1
490;499;1
490;500;1
490;501;1
490;502;1
489;502;1
489;501;1
489;500;1
488;508;1
488;501;1
488;502;1
488;270;1
488;503;1
488;504;1
488;505;1
488;506;1
488;507;1
489;490;1
489;499;1
489;491;1
489;492;1
489;493;1
489;494;1
489;495;1
489;496;1
489;497;1
489;498;1
486;497;1
486;496;1
486;495;1
484;497;1
483;502;1
483;270;1
483;503;1
483;504;1
483;505;1
483;506;1
483;507;1
483;508;1
484;485;1
484;486;1
484;487;1
484;488;1
484;489;1
484;490;1
484;491;1
484;492;1
484;493;1
484;494;1
484;495;1
483;501;1
483;500;1
483;499;1
483;488;1
482;505;1
482;506;1
482;507;1
482;508;1
483;484;1
483;485;1
483;486;1
483;487;1
483;489;1
483;498;1
483;490;1
483;491;1
483;492;1
483;493;1
483;494;1
483;495;1
483;496;1
483;497;1
484;496;1
484;498;1
486;494;1
484;499;1
485;498;1
485;499;1
485;500;1
485;501;1
485;502;1
485;270;1
485;503;1
485;504;1
485;505;1
485;506;1
485;507;1
485;508;1
486;487;1
486;488;1
486;489;1
486;490;1
486;491;1
486;492;1
486;493;1
485;497;1
485;496;1
485;495;1
484;507;1
484;500;1
484;501;1
484;502;1
484;270;1
484;503;1
484;504;1
484;505;1
484;506;1
484;508;1
485;494;1
485;486;1
485;487;1
485;488;1
485;489;1
485;490;1
485;491;1
485;492;1
485;493;1
490;270;1
490;503;1
490;504;1
500;503;1
498;270;1
498;503;1
498;504;1
498;505;1
498;506;1
498;507;1
498;508;1
499;500;1
499;501;1
499;502;1
499;270;1
499;503;1
499;504;1
499;505;1
499;506;1
499;507;1
499;508;1
500;501;1
500;502;1
498;502;1
498;501;1
498;500;1
497;500;1
496;503;1
496;504;1
496;505;1
496;506;1
496;507;1
496;508;1
497;498;1
497;499;1
497;501;1
498;499;1
497;502;1
497;270;1
497;503;1
497;504;1
497;505;1
497;506;1
497;507;1
497;508;1
500;270;1
500;504;1
496;502;1
500;505;1
270;507;1
270;508;1
503;504;1
503;505;1
503;506;1
503;507;1
503;508;1
504;505;1
504;506;1
504;507;1
504;508;1
505;506;1
505;507;1
505;508;1
506;507;1
506;508;1
507;508;1
509;510;1
509;511;1
270;506;1
270;505;1
270;504;1
501;506;1
500;506;1
500;507;1
500;508;1
501;502;1
501;270;1
501;503;1
501;504;1
501;505;1
501;507;1
270;503;1
501;508;1
502;270;1
502;503;1
502;504;1
502;505;1
502;506;1
502;507;1
502;508;1
496;270;1
496;501;1
490;505;1
493;498;1
492;494;1
492;495;1
492;496;1
492;497;1
492;498;1
492;499;1
492;500;1
492;501;1
492;502;1
492;270;1
492;503;1
492;504;1
492;505;1
492;506;1
492;507;1
492;508;1
493;494;1
493;495;1
493;496;1
492;493;1
491;508;1
491;507;1
491;497;1
490;506;1
490;507;1
490;508;1
491;492;1
491;493;1
491;494;1
491;495;1
491;496;1
491;498;1
491;506;1
491;499;1
491;500;1
491;501;1
491;502;1
491;270;1
491;503;1
491;504;1
491;505;1
493;497;1
493;499;1
496;500;1
493;500;1
494;507;1
494;508;1
495;496;1
495;497;1
495;498;1
495;499;1
495;500;1
495;501;1
495;502;1
495;270;1
495;503;1
495;504;1
495;505;1
495;506;1
495;507;1
495;508;1
496;497;1
496;498;1
496;499;1
494;506;1
494;505;1
494;504;1
493;508;1
493;501;1
493;502;1
493;270;1
493;503;1
493;504;1
493;505;1
493;506;1
493;507;1
494;495;1
494;503;1
494;496;1
494;497;1
494;498;1
494;499;1
494;500;1
494;501;1
494;502;1
494;270;1
482;504;1
482;270;1
471;496;1
474;500;1
474;502;1
474;270;1
474;503;1
474;504;1
474;505;1
474;506;1
474;507;1
474;508;1
475;476;1
475;477;1
475;478;1
475;479;1
475;480;1
475;481;1
475;482;1
475;483;1
475;484;1
475;485;1
475;486;1
474;501;1
474;499;1
482;502;1
474;498;1
474;479;1
474;480;1
474;481;1
474;482;1
474;483;1
474;484;1
474;485;1
474;486;1
474;487;1
474;488;1
474;489;1
474;490;1
474;491;1
474;492;1
474;493;1
474;494;1
474;495;1
474;496;1
474;497;1
475;487;1
475;488;1
475;489;1
475;490;1
476;480;1
476;481;1
476;482;1
476;483;1
476;484;1
476;485;1
476;486;1
476;487;1
476;488;1
476;489;1
476;490;1
476;491;1
476;492;1
476;493;1
476;494;1
476;495;1
476;496;1
476;497;1
476;498;1
476;479;1
476;478;1
476;477;1
475;499;1
475;491;1
475;492;1
475;493;1
475;494;1
475;495;1
475;496;1
475;497;1
475;498;1
475;500;1
475;508;1
475;501;1
475;502;1
475;270;1
475;503;1
475;504;1
475;505;1
475;506;1
475;507;1
474;478;1
474;477;1
474;476;1
472;502;1
472;482;1
472;483;1
472;484;1
472;485;1
472;486;1
472;487;1
472;488;1
472;489;1
472;490;1
472;491;1
472;492;1
472;493;1
472;494;1
472;495;1
472;496;1
472;497;1
472;498;1
472;499;1
472;500;1
472;481;1
472;480;1
472;479;1
471;504;1
471;497;1
471;498;1
471;499;1
471;500;1
471;501;1
471;502;1
471;270;1
471;503;1
471;505;1
472;478;1
471;506;1
471;507;1
471;508;1
472;473;1
472;474;1
472;475;1
472;476;1
472;477;1
472;501;1
472;270;1
474;475;1
472;503;1
473;491;1
473;492;1
473;493;1
473;494;1
473;495;1
473;496;1
473;497;1
473;498;1
473;499;1
473;500;1
473;501;1
473;502;1
473;270;1
473;503;1
473;504;1
473;505;1
473;506;1
473;507;1
473;508;1
473;490;1
473;489;1
473;488;1
473;477;1
472;504;1
472;505;1
472;506;1
472;507;1
472;508;1
473;474;1
473;475;1
473;476;1
473;478;1
473;487;1
473;479;1
473;480;1
473;481;1
473;482;1
473;483;1
473;484;1
473;485;1
473;486;1
476;499;1
476;500;1
476;501;1
481;485;1
480;493;1
480;494;1
480;495;1
480;496;1
480;497;1
480;498;1
480;499;1
480;500;1
480;501;1
480;502;1
480;270;1
480;503;1
480;504;1
480;505;1
480;506;1
480;507;1
480;508;1
481;482;1
481;483;1
480;492;1
480;491;1
480;490;1
479;507;1
479;500;1
479;501;1
479;502;1
479;270;1
479;503;1
479;504;1
479;505;1
479;506;1
479;508;1
480;489;1
480;481;1
480;482;1
480;483;1
480;484;1
480;485;1
480;486;1
480;487;1
480;488;1
481;484;1
481;486;1
479;498;1
481;487;1
482;483;1
482;484;1
482;485;1
482;486;1
482;487;1
482;488;1
482;489;1
482;490;1
482;491;1
482;492;1
482;493;1
482;494;1
482;495;1
482;496;1
482;497;1
482;498;1
482;499;1
482;500;1
482;501;1
481;508;1
481;507;1
481;506;1
481;496;1
481;488;1
481;489;1
481;490;1
481;491;1
481;492;1
481;493;1
481;494;1
481;495;1
481;497;1
481;505;1
481;498;1
481;499;1
481;500;1
481;501;1
481;502;1
481;270;1
481;503;1
481;504;1
479;499;1
479;497;1
476;502;1
478;482;1
477;493;1
477;494;1
477;495;1
477;496;1
477;497;1
477;498;1
477;499;1
477;500;1
477;501;1
477;502;1
477;270;1
477;503;1
477;504;1
477;505;1
477;506;1
477;507;1
477;508;1
478;479;1
478;480;1
477;492;1
477;491;1
477;490;1
477;479;1
476;270;1
476;503;1
476;504;1
476;505;1
476;506;1
476;507;1
476;508;1
329;331;1
477;480;1
477;489;1
477;481;1
477;482;1
477;483;1
477;484;1
477;485;1
477;486;1
477;487;1
477;488;1
478;481;1
478;483;1
479;496;1
478;484;1
478;506;1
478;507;1
478;508;1
479;480;1
479;481;1
479;482;1
479;483;1
479;484;1
479;485;1
479;486;1
479;487;1
479;488;1
479;489;1
479;490;1
479;491;1
479;492;1
479;493;1
479;494;1
479;495;1
478;505;1
478;504;1
478;503;1
478;493;1
478;485;1
478;486;1
478;487;1
478;488;1
478;489;1
478;490;1
478;491;1
478;492;1
478;494;1
478;270;1
478;495;1
478;496;1
478;497;1
478;498;1
478;499;1
478;500;1
478;501;1
478;502;1
330;331;1
282;292;1
329;330;1
171;185;1
171;177;1
171;178;1
171;179;1
171;180;1
171;181;1
171;182;1
171;183;1
171;184;1
171;186;1
172;180;1
171;187;1
171;188;1
172;173;1
172;174;1
172;175;1
172;176;1
172;177;1
172;178;1
171;176;1
171;175;1
171;174;1
171;173;1
170;173;1
170;174;1
170;175;1
170;176;1
170;177;1
170;178;1
170;179;1
170;180;1
170;181;1
170;182;1
170;183;1
170;184;1
170;185;1
170;186;1
170;187;1
170;188;1
171;172;1
172;179;1
172;181;1
175;181;1
174;183;1
174;175;1
174;176;1
174;177;1
174;178;1
174;179;1
174;180;1
174;181;1
174;182;1
174;184;1
172;182;1
174;185;1
174;186;1
174;187;1
174;188;1
175;176;1
175;177;1
175;178;1
175;179;1
173;188;1
173;187;1
173;186;1
173;185;1
172;183;1
172;184;1
172;185;1
172;186;1
172;187;1
172;188;1
173;174;1
173;175;1
173;176;1
173;177;1
173;178;1
173;179;1
173;180;1
173;181;1
173;182;1
173;183;1
173;184;1
170;172;1
170;171;1
169;188;1
167;174;1
166;187;1
166;188;1
167;168;1
167;169;1
167;170;1
167;171;1
167;172;1
167;173;1
167;175;1
169;187;1
167;176;1
167;177;1
167;178;1
167;179;1
167;180;1
167;181;1
167;182;1
167;183;1
166;186;1
166;185;1
166;184;1
166;183;1
164;165;1
166;167;1
166;168;1
166;169;1
166;170;1
166;171;1
166;172;1
166;173;1
166;174;1
166;175;1
166;176;1
166;177;1
166;178;1
166;179;1
166;180;1
166;181;1
166;182;1
167;184;1
167;185;1
167;186;1
168;187;1
169;170;1
169;171;1
169;172;1
169;173;1
169;174;1
169;175;1
169;176;1
169;177;1
169;178;1
169;179;1
169;180;1
169;181;1
169;182;1
169;183;1
169;184;1
169;185;1
169;186;1
168;188;1
168;186;1
167;187;1
168;185;1
167;188;1
168;169;1
168;170;1
168;171;1
168;172;1
168;173;1
168;174;1
168;175;1
168;176;1
168;177;1
168;178;1
168;179;1
168;180;1
168;181;1
168;182;1
168;183;1
168;184;1
175;180;1
175;182;1
158;107;1
54;67;1
55;56;1
54;74;1
54;73;1
54;72;1
54;71;1
54;70;1
54;69;1
54;68;1
54;66;1
54;56;1
54;65;1
54;64;1
54;63;1
54;62;1
54;61;1
54;60;1
54;59;1
54;58;1
55;57;1
55;58;1
55;59;1
55;60;1
189;192;1
190;191;1
190;192;1
191;192;1
55;73;1
55;72;1
55;71;1
55;70;1
55;69;1
55;68;1
55;67;1
55;66;1
55;65;1
55;64;1
55;63;1
55;62;1
55;61;1
54;57;1
54;55;1
175;183;1
45;51;1
46;52;1
46;51;1
46;50;1
46;49;1
46;48;1
46;47;1
45;53;1
45;52;1
45;50;1
52;53;1
45;49;1
45;48;1
45;47;1
45;46;1
44;53;1
44;52;1
44;51;1
44;50;1
46;53;1
47;48;1
47;49;1
47;50;1
51;53;1
51;52;1
50;53;1
50;52;1
50;51;1
49;53;1
49;52;1
49;51;1
49;50;1
48;53;1
48;52;1
48;51;1
48;50;1
48;49;1
47;53;1
47;52;1
47;51;1
189;191;1
189;190;1
187;188;1
178;180;1
177;182;1
177;183;1
177;184;1
177;185;1
177;186;1
177;187;1
177;188;1
178;179;1
178;181;1
186;188;1
178;182;1
178;183;1
178;184;1
178;185;1
178;186;1
178;187;1
178;188;1
179;180;1
177;181;1
177;180;1
177;179;1
177;178;1
175;184;1
175;185;1
175;186;1
175;187;1
175;188;1
176;177;1
176;178;1
176;179;1
176;180;1
176;181;1
176;182;1
176;183;1
176;184;1
176;185;1
176;186;1
176;187;1
176;188;1
179;181;1
179;182;1
179;183;1
182;183;1
182;185;1
182;186;1
182;187;1
182;188;1
183;184;1
183;185;1
183;186;1
183;187;1
183;188;1
184;185;1
184;186;1
184;187;1
184;188;1
185;186;1
185;187;1
185;188;1
186;187;1
182;184;1
181;188;1
179;184;1
181;187;1
179;185;1
179;186;1
179;187;1
179;188;1
180;181;1
180;182;1
180;183;1
180;184;1
180;185;1
180;186;1
180;187;1
180;188;1
181;182;1
181;183;1
181;184;1
181;185;1
181;186;1
159;107;1
158;159;1
328;331;1
59;65;1
59;73;1
59;72;1
59;71;1
59;70;1
59;69;1
59;68;1
59;67;1
59;66;1
59;64;1
58;69;1
59;63;1
59;62;1
59;61;1
59;60;1
58;74;1
58;73;1
58;72;1
58;71;1
59;74;1
60;61;1
60;62;1
60;63;1
61;67;1
61;66;1
61;65;1
61;64;1
61;63;1
61;62;1
60;74;1
60;73;1
60;72;1
60;71;1
60;70;1
60;69;1
60;68;1
60;67;1
60;66;1
60;65;1
60;64;1
58;70;1
58;68;1
56;59;1
56;70;1
57;61;1
57;60;1
57;59;1
57;58;1
56;74;1
56;73;1
56;72;1
56;71;1
56;69;1
58;67;1
56;68;1
56;67;1
56;66;1
56;65;1
56;64;1
56;63;1
56;62;1
56;61;1
57;62;1
57;63;1
57;64;1
57;65;1
58;66;1
58;65;1
58;64;1
58;63;1
58;62;1
58;61;1
58;60;1
58;59;1
57;74;1
57;73;1
57;72;1
57;71;1
57;70;1
57;69;1
57;68;1
57;67;1
57;66;1
61;68;1
61;69;1
61;70;1
66;73;1
67;74;1
67;73;1
67;72;1
67;71;1
67;70;1
67;69;1
67;68;1
66;74;1
66;72;1
61;71;1
66;71;1
66;70;1
66;69;1
66;68;1
66;67;1
65;74;1
65;73;1
65;72;1
68;69;1
68;70;1
68;71;1
68;72;1
73;74;1
72;74;1
72;73;1
71;74;1
71;73;1
71;72;1
70;74;1
70;73;1
70;72;1
70;71;1
69;74;1
69;73;1
69;72;1
69;71;1
69;70;1
68;74;1
68;73;1
65;71;1
65;70;1
65;69;1
63;67;1
63;65;1
63;64;1
62;74;1
62;73;1
62;72;1
62;71;1
62;70;1
62;69;1
62;68;1
62;67;1
62;66;1
62;65;1
62;64;1
62;63;1
61;74;1
61;73;1
61;72;1
63;66;1
63;68;1
65;68;1
63;69;1
65;67;1
65;66;1
64;74;1
64;73;1
64;72;1
64;71;1
64;70;1
64;69;1
64;68;1
64;67;1
64;66;1
64;65;1
63;74;1
63;73;1
63;72;1
63;71;1
63;70;1
56;60;1
56;58;1
157;107;1
138;139;1
137;140;1
137;141;1
137;142;1
137;143;1
137;144;1
137;145;1
137;146;1
137;147;1
138;140;1
139;142;1
138;141;1
138;142;1
138;143;1
138;144;1
138;145;1
138;146;1
138;147;1
139;140;1
137;139;1
137;138;1
136;147;1
136;146;1
135;140;1
135;141;1
135;142;1
135;143;1
135;144;1
135;145;1
135;146;1
135;147;1
136;137;1
136;138;1
136;139;1
136;140;1
136;141;1
136;142;1
136;143;1
136;144;1
136;145;1
139;141;1
139;143;1
56;57;1
145;147;1
143;144;1
143;145;1
143;146;1
143;147;1
144;145;1
144;146;1
144;147;1
145;146;1
146;147;1
139;144;1
152;153;1
152;154;1
152;155;1
153;154;1
153;155;1
154;155;1
157;158;1
157;159;1
142;147;1
142;146;1
142;145;1
142;144;1
139;145;1
139;146;1
139;147;1
140;141;1
140;142;1
140;143;1
140;144;1
140;145;1
140;146;1
140;147;1
141;142;1
141;143;1
141;144;1
141;145;1
141;146;1
141;147;1
142;143;1
135;139;1
135;138;1
135;137;1
131;138;1
128;130;1
129;130;1
131;132;1
131;133;1
131;134;1
131;135;1
131;136;1
131;137;1
131;139;1
135;136;1
131;140;1
131;141;1
131;142;1
131;143;1
131;144;1
131;145;1
131;146;1
131;147;1
128;129;1
127;130;1
127;129;1
127;128;1
55;74;1
118;119;1
118;120;1
118;121;1
119;120;1
119;121;1
120;121;1
122;123;1
122;124;1
122;125;1
123;124;1
123;125;1
124;125;1
126;127;1
126;128;1
126;129;1
126;130;1
132;133;1
132;134;1
132;135;1
133;142;1
133;144;1
133;145;1
133;146;1
133;147;1
134;135;1
134;136;1
134;137;1
134;138;1
134;139;1
134;140;1
134;141;1
134;142;1
134;143;1
134;144;1
134;145;1
134;146;1
134;147;1
133;143;1
133;141;1
132;136;1
133;140;1
132;137;1
132;138;1
132;139;1
132;140;1
132;141;1
132;142;1
132;143;1
132;144;1
132;145;1
132;146;1
132;147;1
133;134;1
133;135;1
133;136;1
133;137;1
133;138;1
133;139;1
44;49;1
44;48;1
44;47;1
283;287;1
282;295;1
282;296;1
282;297;1
282;298;1
282;299;1
283;284;1
283;285;1
283;286;1
283;288;1
283;298;1
283;289;1
283;290;1
283;291;1
283;292;1
283;293;1
283;294;1
283;295;1
283;296;1
282;294;1
282;293;1
282;291;1
282;290;1
277;278;1
277;279;1
277;280;1
277;281;1
278;279;1
278;280;1
278;281;1
279;280;1
279;281;1
280;281;1
282;283;1
282;284;1
282;285;1
282;286;1
282;287;1
282;288;1
282;289;1
283;297;1
283;299;1
286;299;1
286;288;1
285;293;1
285;294;1
285;295;1
285;296;1
285;297;1
285;298;1
285;299;1
286;287;1
286;289;1
284;285;1
286;290;1
286;291;1
286;292;1
286;293;1
286;294;1
286;295;1
286;296;1
286;297;1
285;292;1
285;291;1
285;290;1
285;289;1
284;286;1
284;287;1
284;288;1
284;289;1
284;290;1
284;291;1
284;292;1
284;293;1
284;294;1
284;295;1
284;296;1
284;297;1
284;298;1
284;299;1
285;286;1
285;287;1
285;288;1
213;281;1
213;280;1
213;279;1
257;263;1
256;261;1
256;262;1
256;263;1
257;258;1
257;259;1
257;260;1
257;261;1
257;262;1
258;259;1
213;278;1
258;260;1
258;261;1
258;262;1
258;263;1
259;260;1
259;261;1
259;262;1
259;263;1
256;260;1
256;259;1
256;258;1
256;257;1
249;252;1
249;253;1
250;81;1
250;28;1
250;251;1
250;252;1
250;253;1
81;251;1
81;252;1
81;253;1
28;251;1
28;252;1
28;253;1
251;252;1
251;253;1
252;253;1
254;255;1
260;261;1
260;262;1
260;263;1
10;15;1
10;13;1
10;12;1
10;11;1
275;276;1
275;213;1
275;277;1
275;278;1
275;279;1
275;280;1
275;281;1
276;213;1
276;277;1
276;278;1
276;279;1
276;280;1
276;281;1
213;277;1
10;14;1
10;16;1
261;262;1
11;12;1
261;263;1
262;263;1
264;265;1
264;266;1
265;266;1
268;269;1
268;270;1
269;270;1
13;14;1
12;16;1
12;15;1
12;14;1
12;13;1
11;16;1
11;15;1
11;14;1
11;13;1
286;298;1
287;288;1
44;46;1
312;314;1
311;313;1
311;314;1
311;315;1
311;316;1
311;317;1
311;318;1
311;319;1
312;313;1
312;315;1
313;319;1
312;316;1
312;317;1
312;318;1
312;319;1
313;314;1
313;315;1
313;316;1
313;317;1
311;312;1
310;319;1
310;318;1
310;317;1
307;308;1
309;310;1
309;311;1
309;312;1
309;313;1
309;314;1
309;315;1
309;316;1
309;317;1
309;318;1
309;319;1
310;311;1
310;312;1
310;313;1
310;314;1
310;315;1
310;316;1
313;318;1
314;315;1
287;289;1
326;328;1
321;325;1
322;323;1
322;324;1
322;325;1
323;324;1
323;325;1
324;325;1
326;327;1
326;329;1
314;316;1
326;330;1
326;331;1
327;328;1
327;329;1
327;330;1
327;331;1
328;329;1
328;330;1
321;324;1
321;323;1
321;322;1
320;325;1
314;317;1
314;318;1
314;319;1
315;316;1
315;317;1
315;318;1
315;319;1
316;317;1
316;318;1
316;319;1
317;318;1
317;319;1
318;319;1
320;321;1
320;322;1
320;323;1
320;324;1
306;308;1
306;307;1
305;308;1
289;298;1
289;290;1
289;291;1
289;292;1
289;293;1
289;294;1
289;295;1
289;296;1
289;297;1
289;299;1
305;307;1
290;291;1
290;292;1
290;293;1
290;294;1
290;295;1
290;296;1
290;297;1
290;298;1
288;299;1
288;298;1
288;297;1
288;296;1
287;290;1
287;291;1
287;292;1
287;293;1
287;294;1
287;295;1
287;296;1
287;297;1
287;298;1
287;299;1
288;289;1
288;290;1
288;291;1
288;292;1
288;293;1
288;294;1
288;295;1
290;299;1
291;292;1
291;293;1
294;296;1
294;298;1
294;299;1
295;296;1
295;297;1
295;298;1
295;299;1
296;297;1
296;298;1
296;299;1
297;298;1
297;299;1
298;299;1
304;305;1
304;306;1
304;307;1
304;308;1
305;306;1
294;297;1
294;295;1
291;294;1
293;299;1
291;295;1
291;296;1
291;297;1
291;298;1
291;299;1
292;293;1
292;294;1
292;295;1
292;296;1
292;297;1
292;298;1
292;299;1
293;294;1
293;295;1
293;296;1
293;297;1
293;298;1
249;251;1
249;28;1
249;81;1
28;29;1
36;39;1
36;38;1
36;37;1
30;31;1
29;31;1
29;30;1
28;31;1
28;30;1
27;31;1
25;30;1
27;30;1
27;29;1
27;28;1
26;31;1
26;30;1
26;29;1
26;28;1
26;27;1
36;40;1
36;41;1
36;42;1
36;43;1
37;44;1
37;43;1
37;42;1
37;41;1
37;40;1
37;39;1
37;38;1
36;53;1
36;52;1
36;51;1
36;50;1
36;49;1
36;48;1
36;47;1
36;46;1
36;45;1
36;44;1
25;31;1
25;29;1
249;250;1
21;28;1
22;27;1
22;26;1
22;25;1
22;24;1
22;23;1
21;31;1
21;30;1
21;29;1
21;27;1
25;28;1
21;26;1
21;25;1
21;24;1
21;23;1
21;22;1
20;31;1
20;30;1
20;29;1
22;28;1
22;29;1
22;30;1
22;31;1
25;27;1
25;26;1
24;31;1
24;30;1
24;29;1
24;28;1
24;27;1
24;26;1
24;25;1
23;31;1
23;30;1
23;29;1
23;28;1
23;27;1
23;26;1
23;25;1
23;24;1
37;45;1
37;46;1
37;47;1
41;46;1
42;43;1
41;53;1
41;52;1
41;51;1
41;50;1
41;49;1
41;48;1
41;47;1
41;45;1
37;48;1
41;44;1
41;43;1
41;42;1
40;53;1
40;52;1
40;51;1
40;50;1
40;49;1
42;44;1
42;45;1
42;46;1
42;47;1
44;45;1
43;53;1
43;52;1
43;51;1
43;50;1
43;49;1
43;48;1
43;47;1
43;46;1
43;45;1
43;44;1
42;53;1
42;52;1
42;51;1
42;50;1
42;49;1
42;48;1
40;48;1
40;47;1
40;46;1
38;52;1
38;50;1
38;49;1
38;48;1
38;47;1
38;46;1
38;45;1
38;44;1
38;43;1
38;42;1
38;41;1
38;40;1
38;39;1
37;53;1
37;52;1
37;51;1
37;50;1
37;49;1
38;51;1
38;53;1
40;45;1
39;40;1
40;44;1
40;43;1
40;42;1
40;41;1
39;53;1
39;52;1
39;51;1
39;50;1
39;49;1
39;48;1
39;47;1
39;46;1
39;45;1
39;44;1
39;43;1
39;42;1
39;41;1
20;28;1
20;27;1
20;26;1
243;249;1
242;251;1
242;252;1
242;253;1
243;244;1
243;245;1
243;246;1
243;247;1
243;248;1
243;250;1
241;243;1
243;81;1
243;28;1
243;251;1
243;252;1
243;253;1
244;245;1
244;246;1
244;247;1
242;28;1
242;81;1
242;250;1
242;249;1
241;245;1
241;246;1
241;247;1
241;248;1
241;249;1
241;250;1
241;81;1
241;28;1
241;251;1
241;252;1
241;253;1
242;243;1
242;244;1
242;245;1
242;246;1
242;247;1
242;248;1
244;248;1
244;249;1
244;250;1
246;28;1
246;252;1
246;253;1
247;248;1
247;249;1
247;250;1
247;81;1
247;28;1
247;251;1
247;252;1
247;253;1
248;249;1
248;250;1
248;81;1
248;28;1
248;251;1
248;252;1
248;253;1
246;251;1
246;81;1
244;81;1
246;250;1
244;28;1
244;251;1
244;252;1
244;253;1
245;246;1
245;247;1
245;248;1
245;249;1
245;250;1
245;81;1
245;28;1
245;251;1
245;252;1
245;253;1
246;247;1
246;248;1
246;249;1
241;244;1
241;242;1
20;25;1
17;31;1
18;26;1
18;25;1
18;24;1
18;23;1
18;22;1
18;21;1
18;20;1
18;19;1
17;30;1
240;96;1
17;29;1
17;28;1
17;27;1
17;26;1
17;25;1
17;24;1
17;23;1
17;22;1
18;27;1
18;28;1
18;29;1
18;30;1
20;24;1
20;23;1
20;22;1
20;21;1
19;31;1
19;30;1
19;29;1
19;28;1
19;27;1
19;26;1
19;25;1
19;24;1
19;23;1
19;22;1
19;21;1
19;20;1
18;31;1
17;21;1
17;20;1
17;19;1
235;237;1
235;239;1
235;240;1
235;96;1
236;237;1
236;238;1
236;239;1
236;240;1
236;96;1
237;238;1
237;239;1
237;240;1
237;96;1
238;239;1
238;240;1
238;96;1
239;240;1
239;96;1
235;238;1
235;236;1
17;18;1
233;234;1
15;16;1
14;16;1
14;15;1
13;16;1
13;15;1
218;219;1
218;220;1
218;221;1
218;222;1
219;220;1
219;221;1
219;222;1
220;221;1
220;222;1
221;222;1
231;233;1
232;233;1
510;511;1
